date,na,open,high,low,close,volume
2015.09.01,0:00,1.12086,1.12164,1.1073,1.10786,154360
2015.09.02,0:00,1.10748,1.10961,1.09905,1.10762,132620
2015.09.03,0:00,1.10807,1.10845,1.09566,1.09603,121134
2015.09.04,0:00,1.09581,1.10256,1.09131,1.09647,132346
2015.09.07,0:00,1.09761,1.10864,1.09671,1.10533,147302
2015.09.08,0:00,1.10442,1.11288,1.10299,1.10563,120238
2015.09.09,0:00,1.10541,1.10756,1.09327,1.09542,124369
2015.09.10,0:00,1.09565,1.12631,1.09499,1.12293,168382
2015.09.11,0:00,1.1231,1.12411,1.11763,1.12045,93919
2015.09.14,0:00,1.12019,1.13094,1.11853,1.12664,93027
2015.09.15,0:00,1.12638,1.13045,1.12191,1.12297,99073
2015.09.16,0:00,1.1224,1.13301,1.12054,1.1296,93799
2015.09.17,0:00,1.12911,1.13444,1.12588,1.12899,132350
2015.09.18,0:00,1.1287,1.13266,1.11958,1.12055,129793
2015.09.21,0:00,1.12238,1.13109,1.12206,1.12807,103976
2015.09.22,0:00,1.12766,1.1309,1.12291,1.12587,98725
2015.09.23,0:00,1.12603,1.12684,1.11509,1.1156,101260
2015.09.24,0:00,1.11536,1.11674,1.10078,1.10425,124155
2015.09.25,0:00,1.10205,1.11045,1.09878,1.09895,110324
2015.09.28,0:00,1.10249,1.10473,1.0972,1.10389,104250
2015.09.29,0:00,1.10358,1.10577,1.09655,1.09966,108448
2015.09.30,0:00,1.09844,1.10314,1.09559,1.09596,105274
2015.10.01,0:00,1.09566,1.10357,1.09429,1.09802,115201
2015.10.02,0:00,1.09762,1.10057,1.09051,1.09083,110830
2015.10.05,0:00,1.09065,1.09502,1.08663,1.09044,106594
2015.10.06,0:00,1.09035,1.09856,1.08717,1.0945,112294
2015.10.07,0:00,1.0944,1.0948,1.08603,1.08958,114877
2015.10.08,0:00,1.08944,1.09033,1.08446,1.08798,112800
2015.10.09,0:00,1.08635,1.09545,1.08625,1.09301,113188
2015.10.12,0:00,1.09421,1.09637,1.09157,1.09528,88815
2015.10.13,0:00,1.09538,1.09819,1.08808,1.0904,108582
2015.10.14,0:00,1.09003,1.09045,1.07198,1.07437,129847
2015.10.15,0:00,1.07451,1.07755,1.06367,1.06916,133790
2015.10.16,0:00,1.06868,1.07371,1.06194,1.06362,111633
2015.10.19,0:00,1.06601,1.0722,1.06402,1.0666,86659
2015.10.20,0:00,1.06666,1.07644,1.0641,1.07453,82425
2015.10.21,0:00,1.07445,1.08002,1.07107,1.07421,94721
2015.10.22,0:00,1.07391,1.07481,1.05938,1.06048,100008
2015.10.23,0:00,1.06029,1.07132,1.05621,1.06625,115566
2015.10.26,0:00,1.06817,1.07324,1.06668,1.06735,81753
2015.10.27,0:00,1.06658,1.07058,1.06067,1.06254,89742
2015.10.28,0:00,1.06242,1.06951,1.05083,1.06117,127503
2015.10.29,0:00,1.0601,1.06849,1.05579,1.05623,105874
2015.10.30,0:00,1.05563,1.05802,1.04953,1.05182,121173
2015.11.02,0:00,1.05317,1.06103,1.05102,1.05897,105440
2015.11.03,0:00,1.05875,1.07935,1.05238,1.07784,123353
2015.11.04,0:00,1.07804,1.08802,1.07701,1.08328,120188
2015.11.05,0:00,1.08267,1.08506,1.07624,1.07956,106860
2015.11.06,0:00,1.07992,1.08478,1.07618,1.07764,115850
2015.11.09,0:00,1.07731,1.0799,1.07425,1.07813,87829
2015.11.10,0:00,1.07532,1.0823,1.0726,1.07615,83551
2015.11.11,0:00,1.07587,1.07781,1.07279,1.07562,80529
2015.11.12,0:00,1.07347,1.0917,1.07346,1.08867,126326
2015.11.13,0:00,1.08846,1.09481,1.08754,1.08754,87821
2015.11.16,0:00,1.08601,1.09648,1.08325,1.0923,88334
2015.11.17,0:00,1.09162,1.10289,1.09116,1.0986,101662
2015.11.18,0:00,1.09729,1.10114,1.09336,1.09812,101632
2015.11.19,0:00,1.09777,1.10179,1.09351,1.09519,116689
2015.11.20,0:00,1.09295,1.10366,1.09095,1.10023,104189
2015.11.23,0:00,1.10123,1.1064,1.09971,1.10257,94138
2015.11.24,0:00,1.10275,1.10851,1.10146,1.10649,95305
2015.11.25,0:00,1.10554,1.10828,1.10174,1.10174,119992
2015.11.26,0:00,1.09963,1.10403,1.09536,1.09903,120400
2015.11.27,0:00,1.09844,1.10299,1.09751,1.09973,101635
2015.11.30,0:00,1.09988,1.10193,1.09672,1.09725,89701
2015.12.01,0:00,1.09533,1.09882,1.09228,1.09624,131675
2015.12.02,0:00,1.09468,1.10275,1.09446,1.09983,132932
2015.12.03,0:00,1.09871,1.10472,1.09646,1.09675,172959
2015.12.04,0:00,1.09678,1.10055,1.08569,1.08601,153512
2015.12.07,0:00,1.08808,1.0959,1.0866,1.09329,112901
2015.12.08,0:00,1.09219,1.0948,1.08413,1.08495,109651
2015.12.09,0:00,1.08417,1.09407,1.07044,1.07539,137717
2015.12.10,0:00,1.07478,1.08416,1.0705,1.07765,123646
2015.12.11,0:00,1.077,1.07834,1.06764,1.06808,106419
2015.12.14,0:00,1.0714,1.07433,1.06619,1.07078,107735
2015.12.15,0:00,1.07053,1.07202,1.0609,1.06247,117619
2015.12.16,0:00,1.0624,1.06906,1.0613,1.06275,136299
2015.12.17,0:00,1.06212,1.06822,1.05818,1.06271,130540
2015.12.18,0:00,1.06214,1.06775,1.06153,1.06445,111656
2015.12.21,0:00,1.06408,1.06571,1.05926,1.06262,73102
2015.12.22,0:00,1.06216,1.06345,1.05799,1.06241,86104
2015.12.23,0:00,1.0626,1.06767,1.06045,1.06396,74232
2015.12.24,0:00,1.06388,1.06789,1.06201,1.06368,52209
2015.12.28,0:00,1.06368,1.06448,1.0581,1.05823,51738
2015.12.29,0:00,1.05797,1.06212,1.05657,1.06136,57918
2015.12.30,0:00,1.06132,1.0665,1.05975,1.06408,72539
2015.12.31,0:00,1.06388,1.06877,1.0616,1.06658,69401
2016.01.04,0:00,1.06607,1.07061,1.06194,1.06461,120694
2016.01.05,0:00,1.06433,1.07168,1.06268,1.06737,103584
2016.01.06,0:00,1.06787,1.07261,1.06234,1.06405,132514
2016.01.07,0:00,1.06443,1.06629,1.0537,1.05709,156738
2016.01.08,0:00,1.05684,1.06616,1.05641,1.06155,159353
2016.01.11,0:00,1.06145,1.06982,1.06023,1.06542,153103
2016.01.12,0:00,1.06574,1.0717,1.06217,1.06767,138770
2016.01.13,0:00,1.06747,1.07183,1.06525,1.06682,125789
2016.01.14,0:00,1.06741,1.07978,1.06609,1.07813,168163
2016.01.15,0:00,1.0781,1.08081,1.05935,1.06021,158098
2016.01.18,0:00,1.06487,1.06933,1.06264,1.06329,117477
2016.01.19,0:00,1.06308,1.07834,1.06245,1.07656,148416
2016.01.20,0:00,1.07588,1.08395,1.072,1.07374,185160
2016.01.21,0:00,1.07374,1.07753,1.06843,1.07086,188750
2016.01.22,0:00,1.071,1.08343,1.07073,1.0771,126294
2016.01.25,0:00,1.07778,1.08271,1.07334,1.07682,101054
2016.01.26,0:00,1.07618,1.08112,1.07507,1.07734,110353
2016.01.27,0:00,1.07741,1.0925,1.0738,1.09168,162708
2016.01.28,0:00,1.09231,1.09664,1.08985,1.09261,134446
2016.01.29,0:00,1.09279,1.09684,1.08961,1.09083,159892
2016.02.01,0:00,1.08964,1.09447,1.08388,1.0859,104020
2016.02.02,0:00,1.08585,1.09039,1.07575,1.07973,111689
2016.02.03,0:00,1.07989,1.08026,1.06484,1.0743,143922
2016.02.04,0:00,1.07392,1.07872,1.06885,1.0704,124422
2016.02.05,0:00,1.07033,1.07448,1.06482,1.06506,119450
2016.02.08,0:00,1.06658,1.07165,1.06616,1.06874,113438
2016.02.09,0:00,1.06825,1.07118,1.05875,1.06494,153971
2016.02.10,0:00,1.06489,1.06857,1.06056,1.06075,158823
2016.02.11,0:00,1.06053,1.06612,1.05692,1.05782,189807
2016.02.12,0:00,1.05724,1.07333,1.05625,1.07005,137193
2016.02.15,0:00,1.07153,1.07637,1.07075,1.07296,115704
2016.02.16,0:00,1.07312,1.08716,1.07236,1.07998,139415
2016.02.17,0:00,1.08018,1.08329,1.07747,1.08233,128330
2016.02.18,0:00,1.08218,1.08257,1.07408,1.07651,122090
2016.02.19,0:00,1.07706,1.07794,1.07218,1.07708,101647
2016.02.22,0:00,1.07516,1.07965,1.07371,1.07815,85131
2016.02.23,0:00,1.07812,1.08447,1.07687,1.08355,97879
2016.02.24,0:00,1.0836,1.08724,1.07944,1.07969,116409
2016.02.25,0:00,1.07981,1.08056,1.07499,1.07575,105810
2016.02.26,0:00,1.07515,1.07644,1.06696,1.07445,103754
2016.02.29,0:00,1.07957,1.0856,1.0785,1.08304,116681
2016.03.01,0:00,1.08306,1.08504,1.07527,1.08149,117772
2016.03.02,0:00,1.08173,1.09726,1.079,1.09224,122065
2016.03.03,0:00,1.09257,1.09591,1.09005,1.09277,109498
2016.03.04,0:00,1.09274,1.09521,1.08918,1.09029,121180
2016.03.07,0:00,1.08877,1.10259,1.08859,1.09726,98337
2016.03.08,0:00,1.09778,1.10366,1.0955,1.10234,107190
2016.03.09,0:00,1.10261,1.12635,1.09924,1.12449,140273
2016.03.10,0:00,1.12472,1.12829,1.11478,1.11718,186506
2016.03.11,0:00,1.11813,1.12427,1.11424,1.11959,135393
2016.03.14,0:00,1.12125,1.12672,1.11904,1.12508,114711
2016.03.15,0:00,1.12491,1.13142,1.12109,1.12915,126695
2016.03.16,0:00,1.12857,1.13167,1.12053,1.12224,143641
2016.03.17,0:00,1.12295,1.12585,1.1146,1.11575,171042
2016.03.18,0:00,1.11495,1.12202,1.1143,1.11653,112590
2016.03.21,0:00,1.11785,1.12411,1.11732,1.11987,104509
2016.03.22,0:00,1.11864,1.12966,1.11801,1.12764,125413
2016.03.23,0:00,1.12766,1.1332,1.12125,1.12233,119644
2016.03.24,0:00,1.12208,1.12388,1.11837,1.12238,95007
2016.03.25,0:00,1.12198,1.12456,1.11938,1.12105,71797
2016.03.28,0:00,1.12299,1.12506,1.11994,1.12154,54634
2016.03.29,0:00,1.12057,1.12181,1.11018,1.11263,117382
2016.03.30,0:00,1.11268,1.11432,1.10394,1.1074,141324
2016.03.31,0:00,1.10767,1.11057,1.10632,1.10761,117379
2016.04.01,0:00,1.10797,1.11405,1.1069,1.10992,120272
2016.04.04,0:00,1.11258,1.11365,1.10762,1.11206,97476
2016.04.05,0:00,1.11213,1.12003,1.10685,1.10831,135198
2016.04.06,0:00,1.10765,1.11387,1.10672,1.11273,111143
2016.04.07,0:00,1.11214,1.1163,1.10657,1.10705,131212
2016.04.08,0:00,1.10692,1.11294,1.10651,1.10746,98013
2016.04.11,0:00,1.10687,1.11039,1.10505,1.10704,98364
2016.04.12,0:00,1.10697,1.11235,1.10512,1.10924,109542
2016.04.13,0:00,1.1092,1.11026,1.10335,1.10512,107686
2016.04.14,0:00,1.10584,1.12379,1.10532,1.12301,118351
2016.04.15,0:00,1.12274,1.12329,1.11244,1.114,99325
2016.04.18,0:00,1.10936,1.11733,1.10608,1.11447,119440
2016.04.19,0:00,1.11366,1.11474,1.10714,1.1085,107106
2016.04.20,0:00,1.10881,1.11883,1.10741,1.11637,100967
2016.04.21,0:00,1.11648,1.12339,1.11564,1.11883,118959
2016.04.22,0:00,1.11861,1.12648,1.11861,1.12373,109083
2016.04.25,0:00,1.122,1.12697,1.12066,1.12479,75434
2016.04.26,0:00,1.12461,1.12487,1.1198,1.12251,91043
2016.04.27,0:00,1.1218,1.12504,1.10562,1.10801,132987
2016.04.28,0:00,1.10903,1.11005,1.09233,1.09477,126523
2016.04.29,0:00,1.09436,1.09929,1.08773,1.08925,92694
2016.05.02,0:00,1.0882,1.09254,1.08429,1.09126,78253
2016.05.03,0:00,1.09101,1.09427,1.07845,1.08213,127777
2016.05.04,0:00,1.08183,1.08899,1.08019,1.08266,125265
2016.05.05,0:00,1.08274,1.08736,1.08213,1.08396,92062
2016.05.06,0:00,1.08274,1.08568,1.07349,1.07638,107854
2016.05.09,0:00,1.07521,1.08202,1.07494,1.08041,90762
2016.05.10,0:00,1.08041,1.09195,1.07868,1.08756,101535
2016.05.11,0:00,1.08754,1.08872,1.07966,1.08071,101365
2016.05.12,0:00,1.0807,1.08174,1.07241,1.07347,96794
2016.05.13,0:00,1.07305,1.07439,1.06882,1.07196,101888
2016.05.16,0:00,1.07019,1.07819,1.06955,1.07299,69539
2016.05.17,0:00,1.0728,1.08056,1.07269,1.07484,88983
2016.05.18,0:00,1.07479,1.07698,1.07137,1.07199,101531
2016.05.19,0:00,1.07199,1.07315,1.06511,1.0713,111403
2016.05.20,0:00,1.07123,1.07214,1.0659,1.06664,77043
2016.05.23,0:00,1.06525,1.06838,1.06192,1.06764,85568
2016.05.24,0:00,1.06758,1.07329,1.06307,1.06577,98453
2016.05.25,0:00,1.06592,1.06921,1.06247,1.06752,90219
2016.05.26,0:00,1.06782,1.07464,1.06478,1.07148,96751
2016.05.27,0:00,1.07125,1.07342,1.06937,1.07254,85367
2016.05.30,0:00,1.07197,1.07366,1.07,1.07243,56883
2016.05.31,0:00,1.07271,1.07752,1.06742,1.06852,93159
2016.06.01,0:00,1.06765,1.07381,1.06243,1.06394,110051
2016.06.02,0:00,1.06365,1.06458,1.05863,1.06095,95484
2016.06.03,0:00,1.06093,1.06228,1.05245,1.05812,105731
2016.06.06,0:00,1.05757,1.06427,1.05624,1.06362,91020
2016.06.07,0:00,1.06308,1.0738,1.06244,1.0684,86875
2016.06.08,0:00,1.06805,1.07129,1.06219,1.06287,82183
2016.06.09,0:00,1.05432,1.05757,1.04075,1.04533,113727
2016.06.10,0:00,1.04545,1.04755,1.04136,1.04477,84619
2016.06.13,0:00,1.04449,1.04923,1.04385,1.04572,85413
2016.06.14,0:00,1.04557,1.05289,1.04557,1.05148,93376
2016.06.15,0:00,1.05158,1.05461,1.04877,1.0525,102475
2016.06.16,0:00,1.05278,1.05302,1.04153,1.04487,116223
2016.06.17,0:00,1.04451,1.04923,1.04384,1.04594,84680
2016.06.20,0:00,1.04899,1.05049,1.0454,1.04572,77987
2016.06.21,0:00,1.04572,1.05153,1.04472,1.04571,74738
2016.06.22,0:00,1.04546,1.04776,1.04417,1.04532,74004
2016.06.23,0:00,1.04512,1.0502,1.04419,1.04808,104782
2016.06.24,0:00,1.04771,1.05323,1.04191,1.04601,304852
2016.06.27,0:00,1.04659,1.05091,1.04463,1.04689,145403
2016.06.28,0:00,1.04618,1.04963,1.04477,1.04667,99912
2016.06.29,0:00,1.04642,1.04825,1.0432,1.04658,99911
2016.06.30,0:00,1.04617,1.0499,1.04324,1.04331,121041
2016.07.01,0:00,1.04289,1.04672,1.04078,1.04348,82011
2016.07.04,0:00,1.03897,1.04623,1.03749,1.0419,69133
2016.07.05,0:00,1.04103,1.04605,1.04012,1.04238,94292
2016.07.06,0:00,1.0407,1.05454,1.0407,1.05338,123376
2016.07.07,0:00,1.05306,1.05478,1.03377,1.03397,110703
2016.07.08,0:00,1.03365,1.03776,1.03117,1.03405,96453
2016.07.11,0:00,1.03503,1.04383,1.03463,1.04278,82256
2016.07.12,0:00,1.04224,1.04707,1.0406,1.04349,93873
2016.07.13,0:00,1.0419,1.04839,1.04155,1.04499,97317
2016.07.14,0:00,1.04493,1.06275,1.04274,1.05945,104854
2016.07.15,0:00,1.05829,1.07006,1.05829,1.06273,108181
2016.07.18,0:00,1.06178,1.07399,1.06079,1.06585,73808
2016.07.19,0:00,1.06567,1.07695,1.06271,1.06352,93875
2016.07.20,0:00,1.06187,1.06761,1.06094,1.06333,72869
2016.07.21,0:00,1.06725,1.07533,1.06233,1.07055,106751
2016.07.22,0:00,1.07002,1.07261,1.06445,1.06445,64724
2016.07.25,0:00,1.06538,1.07261,1.0642,1.06726,57488
2016.07.26,0:00,1.06576,1.0697,1.06253,1.06302,75005
2016.07.27,0:00,1.06247,1.07224,1.0557,1.05812,101161
2016.07.28,0:00,1.0578,1.0634,1.0567,1.06031,66952
2016.07.29,0:00,1.05885,1.06259,1.05179,1.05235,89516
2016.08.01,0:00,1.05222,1.05566,1.04999,1.05013,59686
2016.08.02,0:00,1.04906,1.05392,1.04319,1.04988,89061
2016.08.03,0:00,1.04891,1.06174,1.04882,1.05954,68541
2016.08.04,0:00,1.05884,1.06341,1.05856,1.06278,70072
2016.08.05,0:00,1.06203,1.06782,1.05967,1.06588,70018
2016.08.08,0:00,1.06566,1.07416,1.06461,1.07135,57268
2016.08.09,0:00,1.06964,1.07427,1.0681,1.07019,61674
2016.08.10,0:00,1.06858,1.07068,1.06575,1.06799,84604
2016.08.11,0:00,1.06755,1.06962,1.04872,1.06752,76328
2016.08.12,0:00,1.06705,1.06977,1.06111,1.06111,72704
2016.08.15,0:00,1.06367,1.06733,1.06251,1.06399,55879
2016.08.16,0:00,1.06313,1.06511,1.05654,1.05654,97543
2016.08.17,0:00,1.05551,1.05805,1.05067,1.05475,94632
2016.08.18,0:00,1.05458,1.05775,1.05069,1.05421,91283
2016.08.19,0:00,1.05201,1.05491,1.0467,1.04672,63421
2016.08.22,0:00,1.04665,1.05265,1.04635,1.04849,69316
2016.08.23,0:00,1.04652,1.04876,1.04092,1.04415,74071
2016.08.24,0:00,1.04275,1.04672,1.04007,1.04085,71532
2016.08.25,0:00,1.03992,1.04349,1.03922,1.04298,50099
2016.08.26,0:00,1.04107,1.04654,1.04062,1.04301,94172
2016.08.29,0:00,1.04378,1.0456,1.04198,1.04325,73630
2016.08.30,0:00,1.04161,1.04527,1.03884,1.0397,66011
2016.08.31,0:00,1.03931,1.04041,1.03489,1.03646,73659
2016.09.01,0:00,1.03505,1.03991,1.0345,1.03662,80174
2016.09.02,0:00,1.03512,1.03807,1.03215,1.03691,96211
2016.09.05,0:00,1.03773,1.03916,1.03539,1.03728,56179
2016.09.06,0:00,1.03592,1.04329,1.0344,1.0358,83096
2016.09.07,0:00,1.03519,1.03702,1.02627,1.02937,79991
2016.09.08,0:00,1.02785,1.03688,1.02718,1.03263,90738
2016.09.09,0:00,1.03162,1.03473,1.02769,1.0288,79382
2016.09.12,0:00,1.02858,1.03027,1.02668,1.02846,90926
2016.09.13,0:00,1.02778,1.03093,1.02546,1.02835,100171
2016.09.14,0:00,1.02834,1.03142,1.02359,1.02488,87670
2016.09.15,0:00,1.02408,1.02935,1.02293,1.02685,110141
2016.09.16,0:00,1.02663,1.03096,1.02512,1.02901,82545
2016.09.19,0:00,1.02855,1.03385,1.0282,1.03251,59676
2016.09.20,0:00,1.03216,1.03299,1.02665,1.03203,65915
2016.09.21,0:00,1.03118,1.03713,1.03092,1.03518,114859
2016.09.22,0:00,1.03505,1.04643,1.03411,1.04502,81067
2016.09.23,0:00,1.04413,1.05417,1.04413,1.05041,70460
2016.09.26,0:00,1.04917,1.05372,1.04839,1.04881,65223
2016.09.27,0:00,1.04854,1.05214,1.04765,1.0497,79224
2016.09.28,0:00,1.04889,1.05842,1.04889,1.05548,83349
2016.09.29,0:00,1.05548,1.0582,1.05154,1.05219,94945
2016.09.30,0:00,1.05068,1.05384,1.04711,1.0495,85951
2016.10.03,0:00,1.05137,1.05672,1.05002,1.05438,60284
2016.10.04,0:00,1.05303,1.05762,1.0508,1.05651,97034
2016.10.05,0:00,1.0548,1.06333,1.05463,1.06184,87744
2016.10.06,0:00,1.05956,1.06344,1.05743,1.0583,77218
2016.10.07,0:00,1.05755,1.06369,1.05599,1.05742,122736
2016.10.10,0:00,1.05777,1.06776,1.05739,1.06538,62826
2016.10.11,0:00,1.06554,1.06987,1.06439,1.06777,96176
2016.10.12,0:00,1.06686,1.07343,1.0668,1.07013,93533
2016.10.13,0:00,1.06889,1.07376,1.06604,1.06618,104744
2016.10.14,0:00,1.06595,1.07632,1.06529,1.07261,94581
2016.10.17,0:00,1.07342,1.07494,1.06592,1.06861,71172
2016.10.18,0:00,1.06722,1.06974,1.06189,1.06559,81871
2016.10.19,0:00,1.06439,1.06846,1.06243,1.06709,72164
2016.10.20,0:00,1.06661,1.06931,1.05896,1.05967,81392
2016.10.21,0:00,1.05809,1.06638,1.05809,1.06024,61533
2016.10.24,0:00,1.06049,1.06683,1.06035,1.06567,55574
2016.10.25,0:00,1.06563,1.07008,1.06405,1.06658,78697
2016.10.26,0:00,1.06518,1.0755,1.06358,1.06897,89795
2016.10.27,0:00,1.06746,1.06982,1.06484,1.06519,84765
2016.10.28,0:00,1.06531,1.06627,1.05937,1.0601,100256
2016.10.31,0:00,1.05915,1.06487,1.05848,1.06315,71776
2016.11.01,0:00,1.06306,1.07028,1.05978,1.06469,98066
2016.11.02,0:00,1.0646,1.06565,1.04875,1.04988,104157
2016.11.03,0:00,1.04992,1.05305,1.04638,1.04642,84468
2016.11.04,0:00,1.04529,1.05137,1.04501,1.0455,94434
2016.11.07,0:00,1.04396,1.05392,1.04314,1.05132,85844
2016.11.08,0:00,1.05033,1.05238,1.04719,1.05005,83305
2016.11.09,0:00,1.04882,1.05297,1.03597,1.04793,304763
2016.11.10,0:00,1.04686,1.06458,1.04621,1.05487,173720
2016.11.11,0:00,1.0539,1.06043,1.05048,1.05869,185910
2016.11.14,0:00,1.05553,1.06574,1.05454,1.06061,163895
2016.11.15,0:00,1.06065,1.0653,1.05965,1.06372,145638
2016.11.16,0:00,1.06277,1.06545,1.05649,1.05693,134741
2016.11.17,0:00,1.05589,1.05786,1.05181,1.05375,118725
2016.11.18,0:00,1.05288,1.05513,1.04452,1.0446,162648
2016.11.21,0:00,1.04741,1.04828,1.04154,1.04154,155040
2016.11.22,0:00,1.04043,1.04911,1.0401,1.04738,125640
2016.11.23,0:00,1.0462,1.05603,1.0462,1.05356,130440
2016.11.24,0:00,1.05247,1.05947,1.05195,1.05685,97725
2016.11.25,0:00,1.05587,1.06095,1.05363,1.05486,110208
2016.11.28,0:00,1.05453,1.05924,1.05325,1.05721,106268
2016.11.29,0:00,1.05596,1.05857,1.04773,1.04928,103916
2016.11.30,0:00,1.04811,1.04975,1.04113,1.04182,122937
2016.12.01,0:00,1.04061,1.04888,1.04056,1.04586,110026
2016.12.02,0:00,1.04517,1.04735,1.04166,1.04203,97752
2016.12.05,0:00,1.04316,1.05163,1.04194,1.04546,131256
2016.12.06,0:00,1.04562,1.04888,1.04157,1.04741,79277
2016.12.07,0:00,1.04695,1.04954,1.04181,1.04344,72928
2016.12.08,0:00,1.04341,1.04345,1.03759,1.03984,110336
2016.12.09,0:00,1.03886,1.04413,1.03798,1.04296,82138
2016.12.12,0:00,1.04341,1.04604,1.0404,1.04184,86374
2016.12.13,0:00,1.04139,1.04242,1.03825,1.04078,83203
2016.12.14,0:00,1.04021,1.04187,1.03738,1.03972,103860
2016.12.15,0:00,1.0391,1.04713,1.03867,1.04458,145835
2016.12.16,0:00,1.04365,1.04929,1.04296,1.04723,107783
2016.12.19,0:00,1.04361,1.04739,1.04336,1.04511,88044
2016.12.20,0:00,1.04437,1.05006,1.04397,1.04902,75603
2016.12.21,0:00,1.04829,1.05014,1.0442,1.04859,65095
2016.12.22,0:00,1.04779,1.04995,1.04335,1.04494,74999
2016.12.23,0:00,1.04464,1.04621,1.04113,1.04125,51256
2016.12.27,0:00,1.0407,1.04408,1.04059,1.04213,39241
2016.12.28,0:00,1.04081,1.04338,1.03624,1.03637,52608
2016.12.29,0:00,1.03525,1.04004,1.03428,1.03593,64145
2016.12.30,0:00,1.03473,1.03982,1.03473,1.03758,92567
2017.01.03,0:00,1.03821,1.04612,1.03523,1.04294,83374
2017.01.04,0:00,1.04163,1.04862,1.04163,1.04476,103223
2017.01.05,0:00,1.0438,1.04773,1.04231,1.0441,138920
2017.01.06,0:00,1.04363,1.0488,1.042,1.0467,108075
2017.01.09,0:00,1.0455,1.05173,1.04523,1.04779,95781
2017.01.10,0:00,1.04649,1.05486,1.04619,1.05391,109907
2017.01.11,0:00,1.05199,1.05699,1.05199,1.05436,162044
2017.01.12,0:00,1.05402,1.05583,1.05033,1.05342,141108
2017.01.13,0:00,1.05319,1.05501,1.04942,1.05022,128650
2017.01.16,0:00,1.05148,1.05431,1.04954,1.0516,99969
2017.01.17,0:00,1.05122,1.05262,1.0477,1.0478,147358
2017.01.18,0:00,1.04764,1.05327,1.04644,1.05306,107483
2017.01.19,0:00,1.05253,1.05428,1.05044,1.05088,140995
2017.01.20,0:00,1.0499,1.05531,1.04911,1.05205,141333
2017.01.23,0:00,1.05205,1.05455,1.04732,1.04796,118336
2017.01.24,0:00,1.0475,1.04915,1.04391,1.04521,110848
2017.01.25,0:00,1.04441,1.0468,1.0364,1.03653,128153
2017.01.26,0:00,1.03667,1.04246,1.03544,1.03933,106454
2017.01.27,0:00,1.0382,1.04058,1.03681,1.03716,102808
2017.01.30,0:00,1.03784,1.04157,1.0361,1.03631,84527
2017.01.31,0:00,1.03515,1.03878,1.03195,1.03655,108446
2017.02.01,0:00,1.03681,1.04372,1.03644,1.04141,105234
2017.02.02,0:00,1.04034,1.05156,1.04034,1.05,113173
2017.02.03,0:00,1.04863,1.05285,1.0482,1.04831,112260
2017.02.06,0:00,1.04842,1.05017,1.04557,1.04572,82459
2017.02.07,0:00,1.0442,1.04634,1.03768,1.04409,94707
2017.02.08,0:00,1.04389,1.05286,1.04273,1.05213,95411
2017.02.09,0:00,1.05199,1.06295,1.05051,1.06034,95215
2017.02.10,0:00,1.06027,1.06733,1.05932,1.06396,83366
2017.02.13,0:00,1.06428,1.06773,1.06312,1.06426,65611
2017.02.14,0:00,1.06412,1.07004,1.06284,1.06864,89103
2017.02.15,0:00,1.06864,1.07058,1.06627,1.06694,88414
2017.02.16,0:00,1.06705,1.06941,1.06336,1.06602,100819
2017.02.17,0:00,1.06585,1.0708,1.0648,1.06528,80438
2017.02.20,0:00,1.06452,1.07018,1.06435,1.06834,53505
2017.02.21,0:00,1.06889,1.07368,1.06818,1.07138,65356
2017.02.22,0:00,1.07129,1.07473,1.07056,1.07081,74043
2017.02.23,0:00,1.07078,1.07208,1.06592,1.06653,76434
2017.02.24,0:00,1.06667,1.06871,1.06327,1.06346,64415
2017.02.27,0:00,1.06543,1.06906,1.06448,1.06642,66219
2017.02.28,0:00,1.06587,1.0697,1.06154,1.06394,79669
2017.03.01,0:00,1.06402,1.07648,1.06282,1.07366,127917
2017.03.02,0:00,1.07345,1.07647,1.06974,1.07174,95085
2017.03.03,0:00,1.07171,1.07939,1.07119,1.07642,112102
2017.03.06,0:00,1.07901,1.08414,1.07769,1.08335,84099
2017.03.07,0:00,1.08315,1.09142,1.0831,1.09034,92101
2017.03.08,0:00,1.09034,1.09248,1.08742,1.08841,95755
2017.03.09,0:00,1.08809,1.09061,1.08584,1.08729,100630
2017.03.10,0:00,1.08721,1.08986,1.08599,1.08768,98195
2017.03.13,0:00,1.08601,1.09461,1.08599,1.09317,74613
2017.03.14,0:00,1.093,1.09444,1.09066,1.09212,76772
2017.03.15,0:00,1.09202,1.09587,1.08914,1.09382,117337
2017.03.16,0:00,1.0936,1.10181,1.0929,1.09862,118827
2017.03.17,0:00,1.09845,1.10013,1.09522,1.09726,87403
2017.03.20,0:00,1.09455,1.09785,1.09375,1.09557,72572
2017.03.21,0:00,1.09525,1.09702,1.0915,1.09176,90662
2017.03.22,0:00,1.09122,1.09192,1.08564,1.08946,94033
2017.03.23,0:00,1.08939,1.09081,1.08227,1.08486,82414
2017.03.24,0:00,1.08475,1.08861,1.08286,1.08408,74213
2017.03.27,0:00,1.08342,1.08527,1.07917,1.08101,71400
2017.03.28,0:00,1.0803,1.08955,1.08011,1.0879,73380
2017.03.29,0:00,1.08801,1.09235,1.08775,1.08999,67152
2017.03.30,0:00,1.08937,1.09434,1.08855,1.09207,67188
2017.03.31,0:00,1.09085,1.09649,1.08692,1.08706,75529
2017.04.03,0:00,1.08804,1.09033,1.0838,1.0838,58439
2017.04.04,0:00,1.08379,1.08772,1.08096,1.08418,66610
2017.04.05,0:00,1.08434,1.08978,1.08393,1.08627,67604
2017.04.06,0:00,1.08582,1.08665,1.08069,1.08207,68808
2017.04.07,0:00,1.08216,1.08237,1.07609,1.0794,94037
2017.04.10,0:00,1.07865,1.08328,1.07624,1.07725,60308
2017.04.11,0:00,1.07659,1.08176,1.07635,1.07701,70463
2017.04.12,0:00,1.0769,1.08258,1.07676,1.07909,85419
2017.04.13,0:00,1.07799,1.08458,1.07641,1.08111,89030
2017.04.14,0:00,1.07949,1.0831,1.07887,1.0796,75373
2017.04.17,0:00,1.08043,1.08332,1.07822,1.08156,44930
2017.04.18,0:00,1.0816,1.08311,1.07187,1.07321,79154
2017.04.19,0:00,1.07306,1.07391,1.06757,1.06997,63128
2017.04.20,0:00,1.07014,1.07492,1.06415,1.07297,71819
2017.04.21,0:00,1.07329,1.07689,1.07081,1.071,56504
2017.04.24,0:00,1.07502,1.07858,1.07187,1.0784,69106
2017.04.25,0:00,1.07825,1.08521,1.07735,1.08289,68396
2017.04.26,0:00,1.08175,1.0872,1.08175,1.08408,101642
2017.04.27,0:00,1.0839,1.08746,1.08185,1.08498,83295
2017.04.28,0:00,1.08466,1.09141,1.08378,1.08854,75441
2017.05.01,0:00,1.08646,1.09336,1.08646,1.08822,49299
2017.05.02,0:00,1.08703,1.09115,1.08477,1.08625,61234
2017.05.03,0:00,1.0861,1.08642,1.07705,1.07876,78464
2017.05.04,0:00,1.07687,1.08005,1.07578,1.07808,81809
2017.05.05,0:00,1.07748,1.07881,1.0696,1.0699,85784
2017.05.08,0:00,1.07143,1.0746,1.06663,1.06893,75215
2017.05.09,0:00,1.06707,1.06892,1.06404,1.06459,88067
2017.05.10,0:00,1.06445,1.06737,1.05948,1.05948,82033
2017.05.11,0:00,1.0605,1.07788,1.0605,1.07672,102850
2017.05.12,0:00,1.07585,1.08038,1.07455,1.07455,83864
2017.05.15,0:00,1.07579,1.07853,1.07431,1.07698,79413
2017.05.16,0:00,1.07539,1.07985,1.0744,1.07848,83731
2017.05.17,0:00,1.0771,1.07859,1.06953,1.07031,106202
2017.05.18,0:00,1.0697,1.07713,1.06912,1.07482,136230
2017.05.19,0:00,1.07446,1.08195,1.07425,1.07448,84795
2017.05.22,0:00,1.07407,1.07627,1.06806,1.06832,72766
2017.05.23,0:00,1.06833,1.06922,1.06436,1.06578,88267
2017.05.24,0:00,1.06563,1.06668,1.06205,1.06382,95318
2017.05.25,0:00,1.06323,1.06657,1.05881,1.06119,83363
2017.05.26,0:00,1.06092,1.06252,1.05194,1.05194,90745
2017.05.29,0:00,1.05291,1.05693,1.0489,1.05352,52805
2017.05.30,0:00,1.05285,1.05587,1.05019,1.05039,73987
2017.05.31,0:00,1.05033,1.05375,1.04643,1.04824,83829
2017.06.01,0:00,1.04742,1.05135,1.04325,1.04428,90591
2017.06.02,0:00,1.04387,1.04524,1.03896,1.04019,82776
2017.06.05,0:00,1.03973,1.04889,1.03887,1.04839,67780
2017.06.06,0:00,1.04802,1.05042,1.04178,1.04431,90326
2017.06.07,0:00,1.04437,1.05152,1.04241,1.04884,88645
2017.06.08,0:00,1.04847,1.0496,1.04398,1.04464,87928
2017.06.09,0:00,1.04444,1.04715,1.04214,1.04242,83145
2017.06.12,0:00,1.04305,1.0497,1.04305,1.04705,64111
2017.06.13,0:00,1.04597,1.04815,1.04289,1.04354,64758
2017.06.14,0:00,1.04227,1.04695,1.04072,1.04312,123282
2017.06.15,0:00,1.04312,1.05499,1.04312,1.05099,111944
2017.06.16,0:00,1.05091,1.05369,1.04854,1.04854,81678
2017.06.19,0:00,1.04861,1.05084,1.04455,1.05045,72827
2017.06.20,0:00,1.04964,1.05194,1.04559,1.0464,76032
2017.06.21,0:00,1.04609,1.04796,1.04326,1.04326,78826
2017.06.22,0:00,1.04337,1.04629,1.03696,1.03767,73642
2017.06.23,0:00,1.03746,1.04041,1.03707,1.03751,54132
2017.06.26,0:00,1.03632,1.04235,1.03631,1.04037,62202
2017.06.27,0:00,1.03904,1.04338,1.03741,1.04268,78647
2017.06.28,0:00,1.04193,1.04665,1.04191,1.04517,100544
2017.06.29,0:00,1.04497,1.05336,1.04409,1.05221,88645
2017.06.30,0:00,1.05165,1.05331,1.04668,1.04668,93437
2017.07.03,0:00,1.04727,1.05141,1.04577,1.04949,73318
2017.07.04,0:00,1.0496,1.05507,1.04152,1.04226,81778
2017.07.05,0:00,1.04248,1.04773,1.04217,1.04275,78399
2017.07.06,0:00,1.04213,1.047,1.04187,1.04208,76746
2017.07.07,0:00,1.04201,1.04617,1.03952,1.04241,82950
2017.07.10,0:00,1.04282,1.04671,1.0424,1.04514,52723
2017.07.11,0:00,1.04403,1.05732,1.04403,1.05669,77172
2017.07.12,0:00,1.05616,1.05946,1.0553,1.05713,87852
2017.07.13,0:00,1.05668,1.05936,1.04925,1.05537,86627
2017.07.14,0:00,1.05556,1.06657,1.05503,1.06389,88343
2017.07.17,0:00,1.0652,1.06753,1.06306,1.06506,91067
2017.07.18,0:00,1.06485,1.07991,1.06302,1.07681,141888
2017.07.19,0:00,1.07621,1.08156,1.07442,1.08059,95427
2017.07.20,0:00,1.07932,1.08441,1.07329,1.07516,121586
2017.07.21,0:00,1.07438,1.07532,1.06069,1.06081,103876
2017.07.24,0:00,1.06033,1.07027,1.0595,1.06494,95825
2017.07.25,0:00,1.06483,1.07126,1.06444,1.06972,98514
2017.07.26,0:00,1.06961,1.07011,1.06231,1.06414,145411
2017.07.27,0:00,1.06392,1.06802,1.06215,1.06356,123703
2017.07.28,0:00,1.06339,1.06686,1.06101,1.06119,111200
2017.07.31,0:00,1.06166,1.0661,1.05893,1.06465,88934
2017.08.01,0:00,1.06483,1.06973,1.06469,1.0667,105364
2017.08.02,0:00,1.06671,1.07323,1.06485,1.07206,100283
2017.08.03,0:00,1.07171,1.07455,1.06735,1.06875,103483
2017.08.04,0:00,1.06863,1.07274,1.06674,1.06758,107536
2017.08.07,0:00,1.0691,1.07563,1.06758,1.07437,77214
2017.08.08,0:00,1.07391,1.08037,1.07362,1.07941,83278
2017.08.09,0:00,1.07864,1.0795,1.0727,1.07332,103403
2017.08.10,0:00,1.07318,1.08606,1.06818,1.08203,114624
2017.08.11,0:00,1.08086,1.08295,1.07668,1.07672,106509
2017.08.14,0:00,1.07861,1.08191,1.07599,1.0771,79682
2017.08.15,0:00,1.07687,1.08125,1.07462,1.08015,84616
2017.08.16,0:00,1.08004,1.08662,1.07966,1.08346,103473
2017.08.17,0:00,1.08253,1.08774,1.08173,1.08246,106759
2017.08.18,0:00,1.08155,1.0847,1.08016,1.08198,101443
2017.08.21,0:00,1.08287,1.08497,1.08203,1.08359,61103
2017.08.22,0:00,1.08265,1.08717,1.082,1.08663,65907
2017.08.23,0:00,1.08584,1.09571,1.08583,1.09363,99046
2017.08.24,0:00,1.09387,1.09659,1.09217,1.09596,88899
2017.08.25,0:00,1.09475,1.09713,1.0938,1.09411,107907
2017.08.28,0:00,1.09324,1.09817,1.09228,1.09722,67359
2017.08.29,0:00,1.09744,1.098,1.09266,1.09578,137598
2017.08.30,0:00,1.09503,1.10152,1.09458,1.09687,112336
2017.08.31,0:00,1.09631,1.10783,1.09603,1.10669,132311
2017.09.01,0:00,1.10577,1.114,1.10389,1.11227,131256
2017.09.04,0:00,1.11029,1.11184,1.10744,1.10859,73619
2017.09.05,0:00,1.10874,1.11292,1.10254,1.10466,132170
2017.09.06,0:00,1.10439,1.11193,1.10192,1.11064,124027
2017.09.07,0:00,1.11043,1.11426,1.10681,1.11188,123901
2017.09.08,0:00,1.11203,1.1129,1.10557,1.10837,148831
2017.09.11,0:00,1.10839,1.11336,1.10413,1.10651,105576
2017.09.12,0:00,1.10609,1.11057,1.09774,1.0998,121933
2017.09.13,0:00,1.09897,1.10448,1.09896,1.1025,110220
2017.09.14,0:00,1.10206,1.10874,1.09821,1.10732,150194
2017.09.15,0:00,1.10742,1.10867,1.09508,1.09529,116428
2017.09.18,0:00,1.09818,1.09836,1.09359,1.09435,91809
2017.09.19,0:00,1.09498,1.0983,1.09317,1.09375,105405
2017.09.20,0:00,1.09343,1.09763,1.08883,1.09132,154787
2017.09.21,0:00,1.09052,1.0932,1.08203,1.08528,128635
2017.09.22,0:00,1.0845,1.08948,1.08253,1.08282,101804
2017.09.25,0:00,1.08724,1.09708,1.0851,1.09215,108741
2017.09.26,0:00,1.09068,1.09772,1.09049,1.09384,118838
2017.09.27,0:00,1.09265,1.09528,1.08621,1.08945,134522
2017.09.28,0:00,1.08927,1.09031,1.08403,1.08502,122114
2017.09.29,0:00,1.08437,1.08784,1.08293,1.08446,98859
2017.10.02,0:00,1.08316,1.08787,1.08316,1.08689,97910
2017.10.03,0:00,1.0864,1.09478,1.08636,1.09369,97924
2017.10.04,0:00,1.09258,1.09737,1.09181,1.09636,95563
2017.10.05,0:00,1.09612,1.09917,1.09211,1.09439,89936
2017.10.06,0:00,1.09429,1.09705,1.09089,1.09457,117169
2017.10.07,0:00,1.09457,1.09457,1.09457,1.09457,1
2017.10.09,0:00,1.09874,1.10113,1.09444,1.09676,57376
2017.10.10,0:00,1.09591,1.1021,1.09591,1.09932,86556
2017.10.11,0:00,1.09905,1.10226,1.09697,1.09874,85999
2017.10.12,0:00,1.09838,1.10111,1.09567,1.09606,99657
2017.10.13,0:00,1.09619,1.09965,1.09528,1.09695,110364
2017.10.16,0:00,1.09698,1.09974,1.0934,1.09412,85613
2017.10.17,0:00,1.09351,1.09571,1.08795,1.09338,98135
2017.10.18,0:00,1.09364,1.0991,1.09295,1.09621,85983
2017.10.19,0:00,1.0961,1.1223,1.09397,1.11991,153684
2017.10.20,0:00,1.11954,1.12522,1.11886,1.12042,122507
2017.10.21,0:00,1.12042,1.12042,1.12042,1.12042,1
2017.10.23,0:00,1.12367,1.12566,1.11871,1.1198,81425
2017.10.24,0:00,1.11956,1.12888,1.11638,1.12479,118850
2017.10.25,0:00,1.12444,1.12675,1.11742,1.11805,132300
2017.10.26,0:00,1.11674,1.12372,1.11653,1.11869,132922
2017.10.27,0:00,1.1182,1.12071,1.11398,1.11453,138137
2017.10.30,0:00,1.11438,1.12282,1.11262,1.11763,99219
2017.10.31,0:00,1.11744,1.1221,1.11698,1.11759,102803
2017.11.01,0:00,1.11685,1.11833,1.10744,1.11432,130010
2017.11.02,0:00,1.11417,1.11698,1.11164,1.11541,123332
2017.11.03,0:00,1.11539,1.11617,1.10463,1.10641,100744
2017.11.06,0:00,1.10548,1.11254,1.10487,1.10666,86931
2017.11.07,0:00,1.10684,1.10948,1.10529,1.10714,96005
2017.11.08,0:00,1.10676,1.10957,1.1011,1.10122,94291
2017.11.09,0:00,1.10147,1.10687,1.10074,1.10481,112471
2017.11.10,0:00,1.10487,1.10929,1.1032,1.1033,91577
2017.11.13,0:00,1.10292,1.10739,1.10256,1.1039,75105
2017.11.14,0:00,1.10378,1.11386,1.10322,1.10941,102807
2017.11.15,0:00,1.10941,1.11024,1.09875,1.10279,119605
2017.11.16,0:00,1.10263,1.10965,1.10108,1.10724,94308
2017.11.17,0:00,1.10734,1.11287,1.10415,1.10784,110498
2017.11.20,0:00,1.10784,1.11154,1.10562,1.10841,89683
2017.11.21,0:00,1.10811,1.1115,1.10648,1.10891,95362
2017.11.22,0:00,1.10796,1.10976,1.10528,1.10582,99675
2017.11.23,0:00,1.10578,1.10821,1.105,1.10594,77987
2017.11.24,0:00,1.10551,1.10883,1.10445,1.10515,80408
2017.11.27,0:00,1.1049,1.10864,1.09936,1.0994,78678
2017.11.28,0:00,1.09926,1.10122,1.09601,1.1006,114011
2017.11.29,0:00,1.09988,1.10338,1.0947,1.09955,119154
2017.11.30,0:00,1.09938,1.10928,1.09861,1.107,137123
2017.12.01,0:00,1.10685,1.10914,1.10264,1.10264,169425
2017.12.04,0:00,1.10543,1.11035,1.10439,1.1074,117446
2017.12.05,0:00,1.10692,1.11123,1.1047,1.10607,121355
2017.12.06,0:00,1.10596,1.10704,1.09641,1.09818,110754
2017.12.07,0:00,1.09778,1.10154,1.09566,1.09884,108592
2017.12.08,0:00,1.09866,1.10032,1.09501,1.09749,105107
2017.12.11,0:00,1.09707,1.09837,1.08621,1.08866,104871
2017.12.12,0:00,1.08835,1.09128,1.08591,1.08934,92439
2017.12.13,0:00,1.08984,1.09111,1.08541,1.08684,104889
2017.12.14,0:00,1.08661,1.09836,1.08549,1.09743,118886
2017.12.15,0:00,1.09724,1.09772,1.09088,1.09262,102489
2017.12.18,0:00,1.09128,1.09611,1.09081,1.09548,86809
2017.12.19,0:00,1.09478,1.09942,1.09252,1.09874,88731
2017.12.20,0:00,1.09889,1.10109,1.09251,1.09253,89339
2017.12.21,0:00,1.0923,1.09917,1.0918,1.09697,81913
2017.12.22,0:00,1.09724,1.10147,1.09689,1.09739,73380
2017.12.26,0:00,1.12858,1.12858,1.09653,1.09704,41636
2017.12.27,0:00,1.09717,1.10054,1.0965,1.09979,70620
2017.12.28,0:00,1.09953,1.10077,1.09852,1.0997,62263
2017.12.29,0:00,1.09934,1.10142,1.09676,1.10007,71463
2018.01.02,0:00,1.09763,1.10224,1.097,1.10174,95988
2018.01.03,0:00,1.10058,1.10511,1.10034,1.10426,97453
2018.01.04,0:00,1.10438,1.10491,1.09786,1.09868,91620
2018.01.05,0:00,1.09851,1.09923,1.09439,1.09594,89512
2018.01.08,0:00,1.09699,1.09768,1.09104,1.09235,82004
2018.01.09,0:00,1.09208,1.09589,1.08875,1.09192,100029
2018.01.10,0:00,1.09179,1.09446,1.0869,1.08897,134048
2018.01.11,0:00,1.08889,1.09537,1.08595,1.08595,124577
2018.01.12,0:00,1.08616,1.09116,1.08398,1.09059,130503
2018.01.15,0:00,1.09081,1.09403,1.08965,1.09036,115621
2018.01.16,0:00,1.09026,1.09532,1.09013,1.09457,108394
2018.01.17,0:00,1.09442,1.1001,1.09386,1.09502,146842
2018.01.18,0:00,1.09525,1.0983,1.09211,1.09478,134814
2018.01.19,0:00,1.09526,1.09996,1.09496,1.09739,128366
2018.01.22,0:00,1.09734,1.09907,1.09353,1.09357,94422
2018.01.23,0:00,1.09357,1.09444,1.08554,1.08731,115498
2018.01.24,0:00,1.08681,1.09937,1.0852,1.09783,133028
2018.01.25,0:00,1.0975,1.09935,1.09331,1.09474,192983
2018.01.26,0:00,1.09504,1.10371,1.09483,1.10104,152474
2018.01.29,0:00,1.10232,1.10714,1.10166,1.10473,120479
2018.01.30,0:00,1.10435,1.10575,1.10088,1.1019,126643
2018.01.31,0:00,1.10226,1.10383,1.09186,1.09339,164818
2018.02.01,0:00,1.09341,1.09412,1.08485,1.08591,146290
2018.02.02,0:00,1.08619,1.08758,1.08365,1.08401,150705
2018.02.05,0:00,1.08439,1.088,1.08315,1.08356,159072
2018.02.06,0:00,1.08397,1.08479,1.0743,1.07597,221633
2018.02.07,0:00,1.07616,1.08463,1.07466,1.08027,146483
2018.02.08,0:00,1.0799,1.08925,1.0756,1.07746,187613
2018.02.09,0:00,1.07725,1.08054,1.07462,1.07614,177254
2018.02.12,0:00,1.07771,1.08315,1.07684,1.08164,103105
2018.02.13,0:00,1.08143,1.08385,1.07599,1.07994,101852
2018.02.14,0:00,1.0798,1.08068,1.07116,1.0752,158192
2018.02.15,0:00,1.07481,1.07689,1.07026,1.07168,130933
2018.02.16,0:00,1.07163,1.07574,1.06931,1.06931,115108
2018.02.19,0:00,1.0709,1.07437,1.07012,1.07267,74347
2018.02.20,0:00,1.07282,1.07692,1.07103,1.07243,116487
2018.02.21,0:00,1.07232,1.07527,1.06586,1.06587,135283
2018.02.22,0:00,1.06594,1.06929,1.06529,1.06788,111535
2018.02.23,0:00,1.06779,1.07515,1.06747,1.07383,102219
2018.02.26,0:00,1.0745,1.07692,1.0714,1.07477,91693
2018.02.27,0:00,1.07493,1.07845,1.07456,1.07601,119087
2018.02.28,0:00,1.07597,1.08255,1.07526,1.07567,113972
2018.03.01,0:00,1.07601,1.07746,1.06869,1.06906,159130
2018.03.02,0:00,1.06861,1.07338,1.06599,1.07105,138118
2018.03.05,0:00,1.07175,1.07463,1.0704,1.07422,123569
2018.03.06,0:00,1.07409,1.07644,1.07025,1.073,132571
2018.03.07,0:00,1.07235,1.07437,1.06619,1.07267,152876
2018.03.08,0:00,1.07341,1.07573,1.07103,1.07103,133520
2018.03.09,0:00,1.07124,1.07703,1.07035,1.07605,123288
2018.03.12,0:00,1.07498,1.08009,1.07395,1.07851,94980
2018.03.13,0:00,1.07886,1.07935,1.0715,1.07237,120112
2018.03.14,0:00,1.07261,1.0777,1.07033,1.07388,116773
2018.03.15,0:00,1.07365,1.07804,1.07096,1.07104,113146
2018.03.16,0:00,1.07086,1.07592,1.06751,1.06775,108606
2018.03.19,0:00,1.06823,1.06908,1.06338,1.06512,113028
2018.03.20,0:00,1.06478,1.07024,1.06384,1.06915,100554
2018.03.21,0:00,1.06884,1.07536,1.06852,1.07323,144476
2018.03.22,0:00,1.07419,1.07609,1.06543,1.06639,147405
2018.03.23,0:00,1.06674,1.06892,1.06217,1.06268,143881
2018.03.26,0:00,1.06414,1.06519,1.0584,1.06108,95532
2018.03.27,0:00,1.06063,1.06257,1.05592,1.05597,96930
2018.03.28,0:00,1.05599,1.06356,1.05582,1.06168,124639
2018.03.29,0:00,1.0616,1.06679,1.06066,1.0607,91505
2018.03.30,0:00,1.06026,1.06455,1.0595,1.06064,210134
2018.04.02,0:00,1.06184,1.06366,1.05957,1.06118,65325
2018.04.03,0:00,1.06127,1.06556,1.05667,1.05833,99392
2018.04.04,0:00,1.05832,1.05953,1.05254,1.05588,112803
2018.04.05,0:00,1.05463,1.05752,1.05213,1.05551,90686
2018.04.06,0:00,1.05499,1.06071,1.05375,1.05435,132014
2018.04.09,0:00,1.05478,1.05605,1.05031,1.05273,112612
2018.04.10,0:00,1.05258,1.05567,1.05125,1.05356,111115
2018.04.11,0:00,1.05318,1.05545,1.05094,1.05319,101556
2018.04.12,0:00,1.05338,1.05521,1.0487,1.05029,92719
2018.04.13,0:00,1.05059,1.0582,1.05059,1.05478,83283
2018.04.16,0:00,1.05502,1.0591,1.05472,1.05579,71587
2018.04.17,0:00,1.05569,1.06003,1.05506,1.05707,72216
2018.04.18,0:00,1.05702,1.06323,1.05702,1.06224,74901
2018.04.19,0:00,1.06216,1.06714,1.06011,1.06214,105304
2018.04.20,0:00,1.06208,1.06611,1.06189,1.06296,99005
2018.04.23,0:00,1.06233,1.06607,1.06196,1.06328,89998
2018.04.24,0:00,1.06288,1.06957,1.06229,1.06699,110058
2018.04.25,0:00,1.06715,1.0713,1.06683,1.06982,96574
2018.04.26,0:00,1.06906,1.07277,1.06817,1.0689,111956
2018.04.27,0:00,1.06878,1.0717,1.06791,1.06907,97162
2018.04.30,0:00,1.06907,1.07138,1.06811,1.06966,90075
2018.05.01,0:00,1.06958,1.07197,1.06838,1.06838,91044
2018.05.02,0:00,1.0681,1.0724,1.06561,1.07049,133766
2018.05.03,0:00,1.07061,1.07299,1.06734,1.06907,121153
2018.05.04,0:00,1.06914,1.0755,1.06864,1.07317,102221
2018.05.07,0:00,1.07331,1.07413,1.06981,1.07082,89879
2018.05.08,0:00,1.07018,1.07161,1.06775,1.06832,115972
2018.05.09,0:00,1.0687,1.06962,1.06572,1.06672,104358
2018.05.10,0:00,1.06685,1.0823,1.06672,1.08135,143819
2018.05.11,0:00,1.08123,1.08416,1.0793,1.0819,104034
2018.05.14,0:00,1.0823,1.08938,1.08156,1.08774,89876
2018.05.15,0:00,1.08777,1.08992,1.08499,1.08816,121857
2018.05.16,0:00,1.08759,1.08993,1.085,1.08905,129263
2018.05.17,0:00,1.08921,1.09383,1.08708,1.09124,121752
2018.05.18,0:00,1.09092,1.09258,1.08433,1.08454,106323
2018.05.21,0:00,1.08639,1.09266,1.08528,1.09065,106710
2018.05.22,0:00,1.09093,1.09452,1.08951,1.09189,111049
2018.05.23,0:00,1.09171,1.09414,1.09085,1.09247,148924
2018.05.24,0:00,1.09189,1.09395,1.09102,1.09256,138412
2018.05.25,0:00,1.09307,1.09604,1.09034,1.09041,118798
2018.05.28,0:00,1.09011,1.09233,1.08596,1.08601,105294
2018.05.29,0:00,1.08588,1.08886,1.08446,1.08645,147861
2018.05.30,0:00,1.08644,1.08881,1.08039,1.08363,151474
2018.05.31,0:00,1.08305,1.08557,1.07759,1.08021,145803
2018.06.01,0:00,1.08019,1.08367,1.07758,1.08283,122768
2018.06.04,0:00,1.08283,1.08865,1.08238,1.08693,112362
2018.06.05,0:00,1.08705,1.08859,1.08286,1.08366,117873
2018.06.06,0:00,1.08333,1.09006,1.08318,1.08963,101972
2018.06.07,0:00,1.08922,1.08995,1.08241,1.08379,104644
2018.06.08,0:00,1.0838,1.08533,1.07772,1.07993,98812
2018.06.11,0:00,1.08021,1.08382,1.07871,1.08245,70396
2018.06.12,0:00,1.08214,1.08413,1.08012,1.08018,105437
2018.06.13,0:00,1.08014,1.08138,1.07613,1.07848,107395
2018.06.14,0:00,1.07821,1.07905,1.07004,1.07073,119529
2018.06.15,0:00,1.07085,1.0758,1.06977,1.07123,105039
2018.06.18,0:00,1.07238,1.07472,1.06844,1.06899,78069
2018.06.19,0:00,1.06886,1.07076,1.06571,1.06842,122411
2018.06.20,0:00,1.06902,1.0747,1.06807,1.07295,109802
2018.06.21,0:00,1.07215,1.07761,1.07205,1.07375,140470
2018.06.22,0:00,1.07376,1.07786,1.0709,1.07552,107579
2018.06.25,0:00,1.07464,1.07681,1.07309,1.07444,106539
2018.06.26,0:00,1.07383,1.07931,1.07343,1.0778,103875
2018.06.27,0:00,1.07846,1.08543,1.07676,1.07922,134805
2018.06.28,0:00,1.07909,1.08882,1.07791,1.08768,124147
2018.06.29,0:00,1.0873,1.09295,1.08689,1.09239,133386
2018.07.02,0:00,1.09026,1.09505,1.08889,1.09219,101341
2018.07.03,0:00,1.09216,1.09908,1.09199,1.09258,108441
2018.07.04,0:00,1.0921,1.09548,1.09001,1.091,94553
2018.07.05,0:00,1.0911,1.09244,1.08704,1.08757,101462
2018.07.06,0:00,1.08755,1.08848,1.08492,1.08548,100883
2018.07.09,0:00,1.08587,1.09333,1.08576,1.09102,90199
2018.07.10,0:00,1.091,1.09271,1.08984,1.09029,94676
2018.07.11,0:00,1.09027,1.09083,1.08672,1.08885,129564
2018.07.12,0:00,1.08917,1.09399,1.08902,1.09224,90217
2018.07.13,0:00,1.09164,1.09704,1.09164,1.0962,92883
2018.07.16,0:00,1.09647,1.09733,1.09347,1.09424,88698
2018.07.17,0:00,1.09429,1.09684,1.08598,1.08842,117906
2018.07.18,0:00,1.08791,1.09023,1.0862,1.0883,97000
2018.07.19,0:00,1.08808,1.09436,1.08776,1.09075,136119
2018.07.20,0:00,1.08987,1.09195,1.08777,1.08789,148634
2018.07.23,0:00,1.09063,1.09144,1.08657,1.08763,100030
2018.07.24,0:00,1.08649,1.09158,1.08604,1.09022,108711
2018.07.25,0:00,1.08964,1.09343,1.08736,1.09005,120109
2018.07.26,0:00,1.0896,1.09006,1.08653,1.08653,110187
2018.07.27,0:00,1.08669,1.09095,1.08668,1.08878,88999
2018.07.30,0:00,1.08781,1.08916,1.08401,1.08455,73648
2018.07.31,0:00,1.08475,1.09221,1.0841,1.08847,104134
2018.08.01,0:00,1.08879,1.09132,1.08828,1.08974,97222
2018.08.02,0:00,1.0895,1.09285,1.08843,1.09094,84762
2018.08.03,0:00,1.09064,1.09699,1.09064,1.09602,103244
2018.08.06,0:00,1.09536,1.09778,1.09501,1.09665,66904
2018.08.07,0:00,1.09667,1.10331,1.09634,1.10087,76922
2018.08.08,0:00,1.10054,1.10333,1.09788,1.10047,77507
2018.08.09,0:00,1.10081,1.11738,1.10061,1.11442,102210
2018.08.10,0:00,1.11437,1.11746,1.10487,1.10879,150742
2018.08.13,0:00,1.10599,1.10824,1.10329,1.10444,129962
2018.08.14,0:00,1.10471,1.10572,1.09852,1.10057,109190
2018.08.15,0:00,1.10031,1.10359,1.09911,1.10162,119782
2018.08.16,0:00,1.10148,1.10467,1.09909,1.1017,124163
2018.08.17,0:00,1.10128,1.10386,1.09984,1.10137,104372
2018.08.20,0:00,1.10117,1.10548,1.1007,1.10368,84811
2018.08.21,0:00,1.10411,1.10552,1.09903,1.09903,99618
2018.08.22,0:00,1.09974,1.10052,1.09428,1.09646,106636
2018.08.23,0:00,1.09635,1.09788,1.09053,1.09119,107261
2018.08.24,0:00,1.09132,1.09847,1.09073,1.09506,119049
2018.08.27,0:00,1.09585,1.09762,1.09421,1.09588,89040
2018.08.28,0:00,1.09615,1.09776,1.09251,1.0932,97148
2018.08.29,0:00,1.09253,1.0946,1.08711,1.08787,113220
2018.08.30,0:00,1.0879,1.09603,1.08787,1.09034,116032
2018.08.31,0:00,1.0904,1.09325,1.08524,1.08524,124147
2018.09.03,0:00,1.08621,1.09319,1.08495,1.09237,83156
2018.09.04,0:00,1.09178,1.09751,1.08969,1.09394,105304
2018.09.05,0:00,1.09423,1.10193,1.08994,1.0911,121425
2018.09.06,0:00,1.09066,1.09281,1.08811,1.09134,118013
2018.09.07,0:00,1.09131,1.09277,1.08631,1.08646,139924
2018.09.10,0:00,1.08635,1.09066,1.08624,1.08959,89363
2018.09.11,0:00,1.08946,1.09178,1.08769,1.09061,96490
2018.09.12,0:00,1.09001,1.09424,1.08924,1.09255,108480
2018.09.13,0:00,1.09202,1.09791,1.09179,1.09339,111964
2018.09.14,0:00,1.09324,1.09461,1.09135,1.09154,97546
2018.09.17,0:00,1.09085,1.0928,1.09,1.09001,84569
2018.09.18,0:00,1.08994,1.09638,1.08763,1.0953,145964
2018.09.19,0:00,1.09492,1.10007,1.09492,1.09732,124713
2018.09.20,0:00,1.09702,1.09973,1.08912,1.08976,124097
2018.09.21,0:00,1.08949,1.09143,1.08829,1.09028,111433
2018.09.24,0:00,1.0888,1.09236,1.08814,1.091,94322
2018.09.25,0:00,1.09109,1.09294,1.08976,1.09005,97608
2018.09.26,0:00,1.08999,1.09256,1.08556,1.08955,120723
2018.09.27,0:00,1.0899,1.0918,1.08641,1.08916,118352
2018.09.28,0:00,1.08895,1.09273,1.08861,1.0902,101788
2018.10.01,0:00,1.09094,1.09334,1.08988,1.09116,98350
2018.10.02,0:00,1.09188,1.09502,1.08888,1.08967,111912
2018.10.03,0:00,1.08986,1.09293,1.08886,1.09003,118503
2018.10.04,0:00,1.09013,1.09323,1.08901,1.09218,121118
2018.10.05,0:00,1.09166,1.09514,1.09028,1.09427,131632
2018.10.08,0:00,1.09462,1.09746,1.0934,1.0962,110166
2018.10.09,0:00,1.09653,1.09928,1.09383,1.09687,123594
2018.10.10,0:00,1.09651,1.09889,1.0926,1.09317,133559
2018.10.11,0:00,1.09276,1.09499,1.08944,1.09117,206556
2018.10.12,0:00,1.09104,1.09514,1.09012,1.09257,142348
2018.10.15,0:00,1.09334,1.09397,1.08776,1.08793,132287
2018.10.16,0:00,1.08791,1.08918,1.08145,1.08375,135578
2018.10.17,0:00,1.08364,1.0858,1.08213,1.08475,139972
2018.10.18,0:00,1.08484,1.08988,1.08444,1.08461,149527
2018.10.19,0:00,1.08435,1.08728,1.07967,1.07988,149098
2018.10.22,0:00,1.076,1.08204,1.07597,1.08009,127985
2018.10.23,0:00,1.0803,1.08145,1.0775,1.08074,149921
2018.10.24,0:00,1.08092,1.08422,1.08062,1.08191,145665
2018.10.25,0:00,1.08167,1.08689,1.08158,1.08509,152335
2018.10.26,0:00,1.0854,1.08783,1.08272,1.08679,180496
2018.10.29,0:00,1.08703,1.08814,1.08064,1.08185,139735
2018.10.30,0:00,1.08134,1.08456,1.0812,1.08403,129244
2018.10.31,0:00,1.08373,1.08566,1.07976,1.08501,124559
2018.11.01,0:00,1.08501,1.08768,1.08174,1.08264,141741
2018.11.02,0:00,1.08315,1.08583,1.08086,1.08207,150608
2018.11.05,0:00,1.08333,1.08357,1.08016,1.08156,109200
2018.11.06,0:00,1.08134,1.08494,1.07459,1.0748,107173
2018.11.07,0:00,1.0748,1.07644,1.06901,1.07194,179311
2018.11.08,0:00,1.07174,1.07573,1.07099,1.07393,139582
2018.11.09,0:00,1.07407,1.07654,1.0718,1.07194,137963
2018.11.12,0:00,1.07188,1.07394,1.06755,1.06883,129499
2018.11.13,0:00,1.06866,1.06978,1.06611,1.06666,133854
2018.11.14,0:00,1.06637,1.06904,1.06117,1.06372,170125
2018.11.15,0:00,1.06382,1.07117,1.06351,1.06512,178463
2018.11.16,0:00,1.06452,1.06735,1.06349,1.0655,130746
2018.11.19,0:00,1.0641,1.06951,1.06373,1.06616,98829
2018.11.20,0:00,1.06623,1.0668,1.05878,1.06178,129605
2018.11.21,0:00,1.06199,1.06476,1.05996,1.06255,111096
2018.11.22,0:00,1.0623,1.06612,1.0623,1.06413,93906
2018.11.23,0:00,1.06403,1.06768,1.06298,1.06613,84345
2018.11.26,0:00,1.06899,1.06957,1.06464,1.06606,100614
2018.11.27,0:00,1.06566,1.06903,1.06236,1.06341,117271
2018.11.28,0:00,1.06332,1.06553,1.0626,1.0626,120067
2018.11.29,0:00,1.06296,1.06824,1.06276,1.06652,129089
2018.11.30,0:00,1.06632,1.06709,1.06171,1.06351,103698
2018.12.03,0:00,1.06614,1.06712,1.06083,1.06172,109457
2018.12.04,0:00,1.06182,1.06233,1.05748,1.05854,131166
2018.12.05,0:00,1.05819,1.05948,1.05148,1.05334,97491
2018.12.06,0:00,1.05352,1.05424,1.04738,1.05148,168239
2018.12.07,0:00,1.05139,1.05253,1.04842,1.04953,147857
2018.12.10,0:00,1.04542,1.04986,1.04331,1.04605,127157
2018.12.11,0:00,1.04606,1.04958,1.04502,1.04742,110818
2018.12.12,0:00,1.04767,1.0554,1.04699,1.05224,114997
2018.12.13,0:00,1.05262,1.05489,1.05184,1.0536,95762
2018.12.14,0:00,1.05254,1.05862,1.05231,1.05519,101244
2018.12.17,0:00,1.05506,1.05737,1.0534,1.05461,88619
2018.12.18,0:00,1.05447,1.05511,1.04561,1.04834,104268
2018.12.19,0:00,1.04808,1.05086,1.04432,1.05008,130349
2018.12.20,0:00,1.04997,1.05535,1.0484,1.04915,152948
2018.12.21,0:00,1.04851,1.05367,1.04763,1.04792,129514
2018.12.24,0:00,1.04623,1.05001,1.04616,1.04708,105142
2018.12.26,0:00,1.04708,1.05104,1.04535,1.04949,63829
2018.12.27,0:00,1.0494,1.05156,1.04637,1.04909,132930
2018.12.28,0:00,1.04861,1.05246,1.0485,1.04948,103471
2018.12.31,0:00,1.04834,1.05249,1.04831,1.04922,102613
2019.01.02,0:00,1.04922,1.05084,1.0451,1.04933,142304
2019.01.03,0:00,1.0492,1.0507,1.00365,1.04632,180517
2019.01.04,0:00,1.04627,1.0566,1.04584,1.05594,149188
2019.01.07,0:00,1.05452,1.05834,1.05403,1.05791,99415
2019.01.08,0:00,1.0576,1.06304,1.05624,1.06159,112532
2019.01.09,0:00,1.06154,1.06361,1.05486,1.05575,132278
2019.01.10,0:00,1.05577,1.05978,1.05445,1.05935,107032
2019.01.11,0:00,1.0591,1.06054,1.05421,1.0554,109396
2019.01.14,0:00,1.05617,1.05731,1.05378,1.05435,82020
2019.01.15,0:00,1.05444,1.05655,1.05348,1.05602,101717
2019.01.16,0:00,1.05612,1.06087,1.05463,1.05737,87845
2019.01.17,0:00,1.05724,1.06478,1.05724,1.06315,102818
2019.01.18,0:00,1.06256,1.06514,1.06145,1.06241,86455
2019.01.21,0:00,1.0613,1.06691,1.06055,1.06327,75504
2019.01.22,0:00,1.06299,1.06445,1.05422,1.05422,89486
2019.01.23,0:00,1.05475,1.0559,1.05013,1.05159,91113
2019.01.24,0:00,1.0515,1.05409,1.04649,1.04831,110933
2019.01.25,0:00,1.0482,1.05001,1.04741,1.04956,97827
2019.01.28,0:00,1.05007,1.05087,1.0473,1.04851,77505
2019.01.29,0:00,1.04842,1.0492,1.04492,1.04658,90369
2019.01.30,0:00,1.04649,1.05316,1.04644,1.05055,125357
2019.01.31,0:00,1.05086,1.05322,1.04878,1.05094,113983
2019.02.01,0:00,1.05112,1.05177,1.04699,1.05103,99486
2019.02.04,0:00,1.0504,1.05092,1.04817,1.0492,76930
2019.02.05,0:00,1.04894,1.0529,1.04551,1.049,79881
2019.02.06,0:00,1.04881,1.05,1.03977,1.04802,104701
2019.02.07,0:00,1.04816,1.05265,1.04802,1.05192,91092
2019.02.08,0:00,1.05169,1.05338,1.04696,1.05063,82433
2019.02.11,0:00,1.05098,1.05098,1.04812,1.04845,93148
2019.02.12,0:00,1.04818,1.05447,1.04807,1.05298,94199
2019.02.13,0:00,1.05269,1.0543,1.03955,1.04258,116339
2019.02.14,0:00,1.04267,1.04299,1.03672,1.03869,117505
2019.02.15,0:00,1.03878,1.04068,1.03687,1.03986,84274
2019.02.18,0:00,1.04014,1.0418,1.03797,1.04086,79788
2019.02.19,0:00,1.04041,1.04289,1.03857,1.04034,101770
2019.02.20,0:00,1.04024,1.04478,1.03965,1.0444,122282
2019.02.21,0:00,1.04429,1.04876,1.03959,1.04176,171214
2019.02.22,0:00,1.0419,1.04888,1.04037,1.04089,141563
2019.02.25,0:00,1.03952,1.04257,1.03884,1.04081,125734
2019.02.26,0:00,1.04084,1.0432,1.0388,1.04218,117057
2019.02.27,0:00,1.04234,1.04382,1.04096,1.04216,120224
2019.02.28,0:00,1.04172,1.04591,1.04112,1.04169,113955
2019.03.01,0:00,1.04146,1.04266,1.03936,1.0409,94285
2019.03.04,0:00,1.04112,1.04217,1.03866,1.03906,87714
2019.03.05,0:00,1.03915,1.04358,1.03797,1.04163,83278
2019.03.06,0:00,1.04184,1.04273,1.03578,1.03843,88687
2019.03.07,0:00,1.0385,1.03968,1.03658,1.03824,80199
2019.03.08,0:00,1.03833,1.03891,1.0342,1.03512,84621
2019.03.11,0:00,1.03481,1.03583,1.03309,1.0344,72487
2019.03.12,0:00,1.03441,1.03524,1.03093,1.03181,77108
2019.03.13,0:00,1.03177,1.03481,1.02931,1.03436,74661
2019.03.14,0:00,1.03409,1.0359,1.03195,1.03473,78031
2019.03.15,0:00,1.03442,1.03563,1.03324,1.03436,63338
2019.03.18,0:00,1.03446,1.03707,1.03392,1.0361,61151
2019.03.19,0:00,1.03589,1.0373,1.03353,1.03353,70209
2019.03.20,0:00,1.03359,1.03743,1.03263,1.03374,89820
2019.03.21,0:00,1.03337,1.03536,1.02976,1.03367,112932
2019.03.22,0:00,1.03439,1.03439,1.02888,1.0291,116834
2019.03.25,0:00,1.02976,1.0314,1.02748,1.02913,85192
2019.03.26,0:00,1.02886,1.03335,1.02778,1.03271,83406
2019.03.27,0:00,1.03238,1.04515,1.03077,1.04175,114108
2019.03.28,0:00,1.04193,1.04427,1.04005,1.04391,112871
2019.03.29,0:00,1.04358,1.04505,1.04011,1.04248,96008
2019.04.01,0:00,1.04304,1.04518,1.04206,1.04443,83831
2019.04.02,0:00,1.04582,1.04915,1.04323,1.04596,98900
2019.04.03,0:00,1.0459,1.0495,1.04463,1.04877,88064
2019.04.04,0:00,1.0488,1.0539,1.04744,1.05275,77673
2019.04.05,0:00,1.05266,1.05742,1.05152,1.05503,79298
2019.04.08,0:00,1.05477,1.05716,1.05319,1.05676,72702
2019.04.09,0:00,1.05664,1.05954,1.05501,1.05564,59056
2019.04.10,0:00,1.05603,1.06048,1.05413,1.05957,98675
2019.04.11,0:00,1.05882,1.06105,1.05797,1.05862,77045
2019.04.12,0:00,1.05817,1.06241,1.05798,1.06007,90427
2019.04.15,0:00,1.0614,1.06213,1.05809,1.06019,69484
2019.04.16,0:00,1.06012,1.06174,1.05705,1.06038,86488
2019.04.17,0:00,1.06017,1.07271,1.05862,1.06658,101000
2019.04.18,0:00,1.06637,1.07135,1.06579,1.06934,88417
2019.04.19,0:00,1.06943,1.06984,1.06809,1.06961,49421
2019.04.22,0:00,1.06961,1.06978,1.06746,1.06746,42798
2019.04.23,0:00,1.06734,1.06842,1.06634,1.0664,69119
2019.04.24,0:00,1.06634,1.06705,1.0616,1.06353,100563
2019.04.25,0:00,1.06262,1.06417,1.05762,1.05844,78205
2019.04.26,0:00,1.05832,1.05895,1.05576,1.05658,79843
2019.04.29,0:00,1.05741,1.05874,1.05549,1.05771,55574
2019.04.30,0:00,1.05786,1.05818,1.05494,1.05551,82162
2019.05.01,0:00,1.05527,1.06098,1.05452,1.05883,87400
2019.05.02,0:00,1.05864,1.05943,1.05712,1.05734,78229
2019.05.03,0:00,1.0571,1.05787,1.05504,1.05624,83750
2019.05.06,0:00,1.05477,1.05928,1.05364,1.05713,92459
2019.05.07,0:00,1.0576,1.06422,1.05647,1.06184,87024
2019.05.08,0:00,1.06159,1.07213,1.06125,1.06223,91270
2019.05.09,0:00,1.06256,1.06275,1.05854,1.06019,82713
2019.05.10,0:00,1.05991,1.06165,1.05933,1.06064,124788
2019.05.13,0:00,1.06006,1.06085,1.0566,1.05698,74571
2019.05.14,0:00,1.05688,1.05736,1.05448,1.05584,58636
2019.05.15,0:00,1.05545,1.05671,1.0541,1.05519,67865
2019.05.16,0:00,1.05517,1.05601,1.052,1.05392,70098
2019.05.17,0:00,1.05368,1.05505,1.05218,1.05317,66233
2019.05.20,0:00,1.05829,1.05929,1.05556,1.05689,63439
2019.05.21,0:00,1.05658,1.059,1.05523,1.05769,74316
2019.05.22,0:00,1.05778,1.05966,1.05727,1.05921,53275
2019.05.23,0:00,1.05922,1.05947,1.05692,1.05758,68751
2019.05.24,0:00,1.05765,1.05857,1.05512,1.05666,58405
2019.05.27,0:00,1.05738,1.05797,1.05626,1.05683,45551
2019.05.28,0:00,1.05634,1.05857,1.05558,1.05772,60513
2019.05.29,0:00,1.05807,1.06287,1.05705,1.06214,68756
2019.05.30,0:00,1.06184,1.06304,1.06118,1.06142,58087
2019.05.31,0:00,1.06113,1.06292,1.05987,1.06212,91948
2019.06.03,0:00,1.06102,1.06194,1.05686,1.05719,93237
2019.06.04,0:00,1.05717,1.06069,1.0567,1.05735,99326
2019.06.05,0:00,1.0574,1.05868,1.04984,1.05304,98747
2019.06.06,0:00,1.05242,1.05406,1.05087,1.0531,109773
2019.06.07,0:00,1.05321,1.05437,1.04995,1.05001,102898
2019.06.08,0:00,1.04992,1.04992,1.04992,1.04992,1
2019.06.10,0:00,1.05115,1.05342,1.04977,1.0528,77665
2019.06.11,0:00,1.05282,1.05791,1.05238,1.05726,90210
2019.06.12,0:00,1.05717,1.058,1.05366,1.05368,94483
2019.06.13,0:00,1.0536,1.05421,1.05043,1.0529,90729
2019.06.14,0:00,1.05251,1.05873,1.05219,1.05794,66084
2019.06.17,0:00,1.05755,1.0588,1.05371,1.05462,52415
2019.06.18,0:00,1.0547,1.05507,1.05057,1.05277,83096
2019.06.19,0:00,1.05272,1.05355,1.05125,1.05209,91226
2019.06.20,0:00,1.05237,1.05323,1.04781,1.05094,103636
2019.06.21,0:00,1.05044,1.05363,1.0497,1.05088,99043
2019.06.24,0:00,1.05118,1.05489,1.05078,1.05172,69393
2019.06.25,0:00,1.05151,1.05235,1.04609,1.04806,118029
2019.06.26,0:00,1.04825,1.05294,1.04408,1.04514,73436
2019.06.27,0:00,1.04536,1.04765,1.04434,1.04539,80272
2019.06.28,0:00,1.04572,1.04664,1.04357,1.04462,67910
2019.07.01,0:00,1.04569,1.04625,1.04255,1.04288,69725
2019.07.02,0:00,1.0435,1.04993,1.04274,1.04775,64396
2019.07.03,0:00,1.04732,1.04967,1.04581,1.0485,57343
2019.07.04,0:00,1.04676,1.0511,1.04676,1.04976,34683
2019.07.05,0:00,1.04948,1.05432,1.04928,1.05293,53456
2019.07.08,0:00,1.05232,1.0537,1.05077,1.05212,32103
2019.07.09,0:00,1.05224,1.05258,1.04778,1.0482,38054
2019.07.10,0:00,1.0484,1.05313,1.04585,1.04702,67009
2019.07.11,0:00,1.04665,1.04747,1.04406,1.04645,59721
2019.07.12,0:00,1.04691,1.04913,1.04593,1.04842,46073
2019.07.15,0:00,1.0487,1.0492,1.04448,1.04709,37794
2019.07.16,0:00,1.04708,1.04854,1.04425,1.04591,48759
2019.07.17,0:00,1.04618,1.04692,1.04063,1.04105,39709
2019.07.18,0:00,1.04125,1.04448,1.03967,1.04248,50564
2019.07.19,0:00,1.04262,1.0434,1.03998,1.04083,58737
2019.07.22,0:00,1.04061,1.04217,1.03848,1.04025,31751
2019.07.23,0:00,1.04059,1.04514,1.04025,1.04453,38967
2019.07.24,0:00,1.04456,1.04513,1.03936,1.04028,40896
2019.07.25,0:00,1.04007,1.0437,1.03964,1.04251,77429
2019.07.26,0:00,1.04272,1.04394,1.04101,1.04112,55369
2019.07.29,0:00,1.04062,1.04342,1.04028,1.04045,22325
2019.07.30,0:00,1.04042,1.04167,1.03881,1.03896,28477
2019.07.31,0:00,1.03899,1.04561,1.0385,1.04305,89860
2019.08.01,0:00,1.04275,1.04535,1.03622,1.03743,85814
2019.08.02,0:00,1.03659,1.04188,1.03587,1.03974,90257
2019.08.05,0:00,1.04037,1.04275,1.03405,1.03431,82914
2019.08.06,0:00,1.03463,1.03939,1.02609,1.0354,109385
2019.08.07,0:00,1.03573,1.04954,1.03362,1.04841,147671
2019.08.08,0:00,1.04794,1.05203,1.04573,1.04937,107581
2019.08.09,0:00,1.04929,1.05103,1.04691,1.04904,89982
2019.08.12,0:00,1.04823,1.05124,1.04529,1.04684,83280
2019.08.13,0:00,1.04647,1.05437,1.04647,1.0524,127156
2019.08.14,0:00,1.05224,1.05342,1.04779,1.04814,147301
2019.08.15,0:00,1.04797,1.05356,1.04768,1.05078,155124
2019.08.16,0:00,1.05045,1.0555,1.05036,1.05409,123070
2019.08.19,0:00,1.05411,1.05684,1.05204,1.05489,84728
2019.08.20,0:00,1.05473,1.05815,1.05409,1.05599,92032
2019.08.21,0:00,1.05604,1.06007,1.05592,1.05862,83411
2019.08.22,0:00,1.05855,1.06153,1.05771,1.0608,90559
2019.08.23,0:00,1.06095,1.06125,1.05468,1.05491,129568
2019.08.26,0:00,1.05449,1.06127,1.05298,1.05953,154565
2019.08.27,0:00,1.05925,1.06207,1.05887,1.06137,57293